url_path,views_total,views_unique
/cdcent/ocio-wsl,6,2
/cdcent/ocio-wsl/tree/main/.github,3,2
/cdcent/ocio-wsl/tree/main/.github/workflows,3,2
/cdcent/ocio-wsl/issues,3,1
/cdcent/ocio-wsl/blob/main/.github/workflows/update-cert.yml,2,2
/cdcent/ocio-wsl/blob/main/.github/workflows/distro.yml,2,1
/cdcent/ocio-wsl/blob/main/.github/workflows/deploy.yml,1,1
/cdcent/ocio-wsl/branches,1,1
/cdcent/ocio-wsl/compare/EDSO-2038-incorporate-trivy-in-repos,1,1
/cdcent/ocio-wsl/compare/main...EDSO-2038-incorporate-trivy-in-repos,1,1
